date,fuel_type,variable_group,variable_name,unit,value
2026-04-03,Petrol,tax,custom_duty,NRs_per_KL,25200
2026-04-03,Diesel,tax,custom_duty,NRs_per_KL,12000
2026-04-03,Kerosene,tax,custom_duty,NRs_per_KL,12000
2026-04-03,ATF_DP,tax,custom_duty,NRs_per_KL,2100
2026-04-03,ATF_DF,tax,custom_duty,NRs_per_KL,2100
2026-04-03,LP_Gas,tax,custom_duty,NRs_per_cylinder,90.42
2026-04-03,Petrol,tax,cargo_vehicle_charge,NRs_per_KL,0
2026-04-03,Diesel,tax,cargo_vehicle_charge,NRs_per_KL,0
2026-04-03,Kerosene,tax,cargo_vehicle_charge,NRs_per_KL,0
2026-04-03,ATF_DP,tax,cargo_vehicle_charge,NRs_per_KL,0
2026-04-03,ATF_DF,tax,cargo_vehicle_charge,NRs_per_KL,0
2026-04-03,LP_Gas,tax,cargo_vehicle_charge,NRs_per_cylinder,1.18
2026-04-03,Petrol,tax,custom_service_charge,NRs_per_KL,25
2026-04-03,Diesel,tax,custom_service_charge,NRs_per_KL,25
2026-04-03,Kerosene,tax,custom_service_charge,NRs_per_KL,25
2026-04-03,ATF_DP,tax,custom_service_charge,NRs_per_KL,25
2026-04-03,ATF_DF,tax,custom_service_charge,NRs_per_KL,25
2026-04-03,LP_Gas,tax,custom_service_charge,NRs_per_cylinder,0.39
2026-04-03,Petrol,tax,road_maintenance_charge,NRs_per_KL,4000
2026-04-03,Diesel,tax,road_maintenance_charge,NRs_per_KL,2000
2026-04-03,Kerosene,tax,road_maintenance_charge,NRs_per_KL,0
2026-04-03,ATF_DP,tax,road_maintenance_charge,NRs_per_KL,0
2026-04-03,ATF_DF,tax,road_maintenance_charge,NRs_per_KL,0
2026-04-03,LP_Gas,tax,road_maintenance_charge,NRs_per_cylinder,0
2026-04-03,Petrol,tax,pollution_charge,NRs_per_KL,1500
2026-04-03,Diesel,tax,pollution_charge,NRs_per_KL,1500
2026-04-03,Kerosene,tax,pollution_charge,NRs_per_KL,0
2026-04-03,ATF_DP,tax,pollution_charge,NRs_per_KL,0
2026-04-03,ATF_DF,tax,pollution_charge,NRs_per_KL,0
2026-04-03,LP_Gas,tax,pollution_charge,NRs_per_cylinder,0
2026-04-03,Petrol,tax,green_tax,NRs_per_KL,1000
2026-04-03,Diesel,tax,green_tax,NRs_per_KL,1000
2026-04-03,Kerosene,tax,green_tax,NRs_per_KL,0
2026-04-03,ATF_DP,tax,green_tax,NRs_per_KL,0
2026-04-03,ATF_DF,tax,green_tax,NRs_per_KL,0
2026-04-03,LP_Gas,tax,green_tax,NRs_per_cylinder,0
2026-04-03,Petrol,tax,psf_transfer,NRs_per_KL,2020
2026-04-03,Diesel,tax,psf_transfer,NRs_per_KL,1820
2026-04-03,Kerosene,tax,psf_transfer,NRs_per_KL,1820
2026-04-03,ATF_DP,tax,psf_transfer,NRs_per_KL,2510
2026-04-03,ATF_DF,tax,psf_transfer,NRs_per_KL,2703.2
2026-04-03,LP_Gas,tax,psf_transfer,NRs_per_cylinder,19.1
2026-04-03,Petrol,tax,infrastructure_development_tax,NRs_per_KL,10000
2026-04-03,Diesel,tax,infrastructure_development_tax,NRs_per_KL,10000
2026-04-03,Kerosene,tax,infrastructure_development_tax,NRs_per_KL,0
2026-04-03,ATF_DP,tax,infrastructure_development_tax,NRs_per_KL,0
2026-04-03,ATF_DF,tax,infrastructure_development_tax,NRs_per_KL,0
2026-04-03,LP_Gas,tax,infrastructure_development_tax,NRs_per_cylinder,0
2026-04-03,Petrol,tax,vat_13pct,NRs_per_KL,23238.94
2026-04-03,Diesel,tax,vat_13pct,NRs_per_KL,20938.05
2026-04-03,Kerosene,tax,vat_13pct,NRs_per_KL,20938.05
2026-04-03,ATF_DP,tax,vat_13pct,NRs_per_KL,28876.11
2026-04-03,ATF_DF,tax,vat_13pct,NRs_per_KL,35141.65
2026-04-03,LP_Gas,tax,vat_13pct,NRs_per_cylinder,213.85
2026-04-03,Petrol,tax,fuel_throughput_charge,NRs_per_KL,0
2026-04-03,Diesel,tax,fuel_throughput_charge,NRs_per_KL,0
2026-04-03,Kerosene,tax,fuel_throughput_charge,NRs_per_KL,0
2026-04-03,ATF_DP,tax,fuel_throughput_charge,NRs_per_KL,888.5
2026-04-03,ATF_DF,tax,fuel_throughput_charge,NRs_per_KL,1081.28
2026-04-03,LP_Gas,tax,fuel_throughput_charge,NRs_per_cylinder,0
2026-04-03,Petrol,tax,total_government_tax,NRs_per_KL,66983.94
2026-04-03,Diesel,tax,total_government_tax,NRs_per_KL,49283.05
2026-04-03,Kerosene,tax,total_government_tax,NRs_per_KL,34783.05
2026-04-03,ATF_DP,tax,total_government_tax,NRs_per_KL,34399.6
2026-04-03,ATF_DF,tax,total_government_tax,NRs_per_KL,41051.14
2026-04-03,LP_Gas,tax,total_government_tax,NRs_per_cylinder,324.95
2026-04-03,Petrol,cost,ex_depot_price_old_irs,IRs_per_KL,70051.33
2026-04-03,Diesel,cost,ex_depot_price_old_irs,IRs_per_KL,92135.96
2026-04-03,Kerosene,cost,ex_depot_price_old_irs,IRs_per_KL,55940.2
2026-04-03,ATF_DP,cost,ex_depot_price_old_irs,IRs_per_KL,56007.63
2026-04-03,ATF_DF,cost,ex_depot_price_old_irs,IRs_per_KL,56007.63
2026-04-03,LP_Gas,cost,ex_depot_price_old_irs,IRs_per_cylinder,936.4
2026-04-03,Petrol,cost,ex_depot_price_increase_irs,IRs_per_KL,25973.07
2026-04-03,Diesel,cost,ex_depot_price_increase_irs,IRs_per_KL,59276.32
2026-04-03,Kerosene,cost,ex_depot_price_increase_irs,IRs_per_KL,67633.46
2026-04-03,ATF_DP,cost,ex_depot_price_increase_irs,IRs_per_KL,77303.95
2026-04-03,ATF_DF,cost,ex_depot_price_increase_irs,IRs_per_KL,77303.95
2026-04-03,LP_Gas,cost,ex_depot_price_increase_irs,IRs_per_cylinder,118.86
2026-04-03,Petrol,cost,ex_depot_price_increase_nrs_per_liter,NRs_per_liter,41.6
2026-04-03,Diesel,cost,ex_depot_price_increase_nrs_per_liter,NRs_per_liter,94.93
2026-04-03,Kerosene,cost,ex_depot_price_increase_nrs_per_liter,NRs_per_liter,108.31
2026-04-03,ATF_DP,cost,ex_depot_price_increase_nrs_per_liter,NRs_per_liter,123.8
2026-04-03,ATF_DF,cost,ex_depot_price_increase_nrs_per_liter,NRs_per_liter,123.8
2026-04-03,LP_Gas,cost,ex_depot_price_increase_nrs_per_liter,NRs_per_cylinder,190.36
2026-04-03,Petrol,cost,ex_depot_price_new_irs,IRs_per_KL,96024.41
2026-04-03,Diesel,cost,ex_depot_price_new_irs,IRs_per_KL,151412.27
2026-04-03,Kerosene,cost,ex_depot_price_new_irs,IRs_per_KL,123573.65
2026-04-03,ATF_DP,cost,ex_depot_price_new_irs,IRs_per_KL,133311.58
2026-04-03,ATF_DF,cost,ex_depot_price_new_irs,IRs_per_KL,133311.58
2026-04-03,LP_Gas,cost,ex_depot_price_new_irs,IRs_per_cylinder,1055.27
2026-04-03,Petrol,cost,ex_depot_price_nrs,NRs_per_KL,153783.09
2026-04-03,Diesel,cost,ex_depot_price_nrs,NRs_per_KL,242486.76
2026-04-03,Kerosene,cost,ex_depot_price_nrs,NRs_per_KL,197903.21
2026-04-03,ATF_DP,cost,ex_depot_price_nrs,NRs_per_KL,213498.5
2026-04-03,ATF_DF,cost,ex_depot_price_nrs,NRs_per_KL,213498.5
2026-04-03,LP_Gas,cost,ex_depot_price_nrs,NRs_per_cylinder,1690.01
2026-04-03,Petrol,cost,administration_cost,NRs_per_KL,608.02
2026-04-03,Diesel,cost,administration_cost,NRs_per_KL,608.02
2026-04-03,Kerosene,cost,administration_cost,NRs_per_KL,608.02
2026-04-03,ATF_DP,cost,administration_cost,NRs_per_KL,608.02
2026-04-03,ATF_DF,cost,administration_cost,NRs_per_KL,608.02
2026-04-03,LP_Gas,cost,administration_cost,NRs_per_cylinder,8.63
2026-04-03,Petrol,cost,insurance_premium,NRs_per_KL,92.27
2026-04-03,Diesel,cost,insurance_premium,NRs_per_KL,145.5
2026-04-03,Kerosene,cost,insurance_premium,NRs_per_KL,118.74
2026-04-03,ATF_DP,cost,insurance_premium,NRs_per_KL,128.1
2026-04-03,ATF_DF,cost,insurance_premium,NRs_per_KL,128.1
2026-04-03,LP_Gas,cost,insurance_premium,NRs_per_cylinder,1.77
2026-04-03,Petrol,cost,technical_loss,NRs_per_KL,1722.44
2026-04-03,Diesel,cost,technical_loss,NRs_per_KL,1621.22
2026-04-03,Kerosene,cost,technical_loss,NRs_per_KL,1347.44
2026-04-03,ATF_DP,cost,technical_loss,NRs_per_KL,1383.15
2026-04-03,ATF_DF,cost,technical_loss,NRs_per_KL,1383.15
2026-04-03,LP_Gas,cost,technical_loss,NRs_per_cylinder,0
2026-04-03,Petrol,cost,total_noc_expenses,NRs_per_KL,2422.73
2026-04-03,Diesel,cost,total_noc_expenses,NRs_per_KL,2374.73
2026-04-03,Kerosene,cost,total_noc_expenses,NRs_per_KL,2074.2
2026-04-03,ATF_DP,cost,total_noc_expenses,NRs_per_KL,2119.27
2026-04-03,ATF_DF,cost,total_noc_expenses,NRs_per_KL,2119.27
2026-04-03,LP_Gas,cost,total_noc_expenses,NRs_per_cylinder,10.41
2026-04-03,Petrol,cost,transportation,NRs_per_KL,6673.49
2026-04-03,Diesel,cost,transportation,NRs_per_KL,3221.64
2026-04-03,Kerosene,cost,transportation,NRs_per_KL,6673.49
2026-04-03,ATF_DP,cost,transportation,NRs_per_KL,6728.64
2026-04-03,ATF_DF,cost,transportation,NRs_per_KL,6728.64
2026-04-03,LP_Gas,cost,transportation,NRs_per_cylinder,0
2026-04-03,Petrol,cost,petroleum_dealer_expenses,NRs_per_KL,6496.91
2026-04-03,Diesel,cost,petroleum_dealer_expenses,NRs_per_KL,5174.13
2026-04-03,Kerosene,cost,petroleum_dealer_expenses,NRs_per_KL,4628.78
2026-04-03,ATF_DP,cost,petroleum_dealer_expenses,NRs_per_KL,0
2026-04-03,ATF_DF,cost,petroleum_dealer_expenses,NRs_per_KL,0
2026-04-03,LP_Gas,cost,petroleum_dealer_expenses,NRs_per_cylinder,301.01
2026-04-03,Petrol,cost,landed_cost,NRs_per_KL,206624.3
2026-04-03,Diesel,cost,landed_cost,NRs_per_KL,276428.13
2026-04-03,Kerosene,cost,landed_cost,NRs_per_KL,220495.89
2026-04-03,ATF_DP,cost,landed_cost,NRs_per_KL,227869.9
2026-04-03,ATF_DF,cost,landed_cost,NRs_per_KL,263397.54
2026-04-03,LP_Gas,cost,landed_cost,NRs_per_cylinder,1811.51
2026-04-03,Petrol,cost,total_cost_noc_without_vat,NRs_per_KL,213121.21
2026-04-03,Diesel,cost,total_cost_noc_without_vat,NRs_per_KL,281602.26
2026-04-03,Kerosene,cost,total_cost_noc_without_vat,NRs_per_KL,225124.67
2026-04-03,ATF_DP,cost,total_cost_noc_without_vat,NRs_per_KL,227869.9
2026-04-03,ATF_DF,cost,total_cost_noc_without_vat,NRs_per_KL,263397.54
2026-04-03,LP_Gas,cost,total_cost_noc_without_vat,NRs_per_cylinder,2112.52
2026-04-03,Petrol,cost,total_cost_noc_with_vat,NRs_per_KL,236360.15
2026-04-03,Diesel,cost,total_cost_noc_with_vat,NRs_per_KL,302540.31
2026-04-03,Kerosene,cost,total_cost_noc_with_vat,NRs_per_KL,246062.72
2026-04-03,ATF_DP,cost,total_cost_noc_with_vat,NRs_per_KL,256746.01
2026-04-03,ATF_DF,cost,total_cost_noc_with_vat,NRs_per_KL,263397.54
2026-04-03,LP_Gas,cost,total_cost_noc_with_vat,NRs_per_cylinder,2326.37
2026-04-03,Petrol,cost,total_cost_noc_per_liter,NRs_per_liter,236.36
2026-04-03,Diesel,cost,total_cost_noc_per_liter,NRs_per_liter,302.54
2026-04-03,Kerosene,cost,total_cost_noc_per_liter,NRs_per_liter,246.06
2026-04-03,ATF_DP,cost,total_cost_noc_per_liter,NRs_per_liter,256.75
2026-04-03,ATF_DF,cost,total_cost_noc_per_liter,NRs_per_liter,263.4
2026-04-03,LP_Gas,cost,total_cost_noc_per_liter,NRs_per_cylinder,2326.37
2026-04-03,Petrol,selling_price,retail_price_per_liter,NRs_per_liter,202
2026-04-03,Diesel,selling_price,retail_price_per_liter,NRs_per_liter,182
2026-04-03,Kerosene,selling_price,retail_price_per_liter,NRs_per_liter,182
2026-04-03,ATF_DP,selling_price,retail_price_per_liter,NRs_per_liter,251
2026-04-03,ATF_DF,selling_price,retail_price_per_liter,USD_per_liter,1.785
2026-04-03,LP_Gas,selling_price,retail_price_per_cylinder,NRs_per_cylinder,1910
2026-04-03,Petrol,selling_price,noc_ex_depot_price_without_vat,NRs_per_KL,172264.15
2026-04-03,Diesel,selling_price,noc_ex_depot_price_without_vat,NRs_per_KL,155887.82
2026-04-03,Kerosene,selling_price,noc_ex_depot_price_without_vat,NRs_per_KL,156433.17
2026-04-03,ATF_DP,selling_price,noc_ex_depot_price_without_vat,NRs_per_KL,222123.89
2026-04-03,ATF_DF,selling_price,noc_ex_depot_price_without_vat,USD_per_KL,1785
2026-04-03,LP_Gas,selling_price,noc_ex_depot_price_without_vat,NRs_per_cylinder,1395.14
2026-04-03,Petrol,border_price,rsp_india_border_raxaul,IRs_per_liter,106.94
2026-04-03,Diesel,border_price,rsp_india_border_raxaul,IRs_per_liter,93.2
2026-04-03,Kerosene,border_price,rsp_india_border_raxaul,IRs_per_liter,0
2026-04-03,ATF_DP,border_price,rsp_india_border_kolkata,IRs_per_liter,99.59
2026-04-03,ATF_DF,border_price,rsp_india_border_kolkata,USD_per_liter,855.25
2026-04-03,LP_Gas,border_price,rsp_india_border_raxaul,IRs_per_cylinder,953
2026-04-03,Petrol,border_price,rsp_india_border_nrs,NRs_per_liter,171.26
2026-04-03,Diesel,border_price,rsp_india_border_nrs,NRs_per_liter,149.26
2026-04-03,Kerosene,border_price,rsp_india_border_nrs,NRs_per_liter,0
2026-04-03,ATF_DP,border_price,rsp_india_border_nrs,NRs_per_liter,159.49
2026-04-03,ATF_DF,border_price,rsp_india_border_nrs,NRs_per_liter,0
2026-04-03,LP_Gas,border_price,rsp_india_border_nrs,NRs_per_cylinder,1526.23
2026-04-03,Petrol,border_price,rsp_nepal_border_birgunj,NRs_per_liter,199.5
2026-04-03,Diesel,border_price,rsp_nepal_border_birgunj,NRs_per_liter,179.5
2026-04-03,Kerosene,border_price,rsp_nepal_border_birgunj,NRs_per_liter,0
2026-04-03,ATF_DP,border_price,rsp_nepal_border_birgunj,NRs_per_liter,251
2026-04-03,ATF_DF,border_price,rsp_nepal_border_birgunj,USD_per_liter,1785
2026-04-03,LP_Gas,border_price,rsp_nepal_border_birgunj,NRs_per_cylinder,1910
2026-04-03,Petrol,border_price,border_price_difference,NRs_per_liter,28.24
2026-04-03,Diesel,border_price,border_price_difference,NRs_per_liter,30.24
2026-04-03,Kerosene,border_price,border_price_difference,NRs_per_liter,0
2026-04-03,ATF_DP,border_price,border_price_difference,NRs_per_liter,91.51
2026-04-03,ATF_DF,border_price,border_price_difference,USD_per_liter,929.75
2026-04-03,LP_Gas,border_price,border_price_difference,NRs_per_cylinder,383.77
2026-04-03,Petrol,demand,fortnightly_projected_demand,KL,33108
2026-04-03,Diesel,demand,fortnightly_projected_demand,KL,82277
2026-04-03,Kerosene,demand,fortnightly_projected_demand,KL,865
2026-04-03,ATF_DP,demand,fortnightly_projected_demand,KL,2616
2026-04-03,ATF_DF,demand,fortnightly_projected_demand,KL,5892
2026-04-03,LP_Gas,demand,fortnightly_projected_demand,cylinders,1522444
2026-04-03,Petrol,profit_loss,profit_loss_per_liter,NRs_per_liter,-34.36
2026-04-03,Diesel,profit_loss,profit_loss_per_liter,NRs_per_liter,-120.54
2026-04-03,Kerosene,profit_loss,profit_loss_per_liter,NRs_per_liter,-64.06
2026-04-03,ATF_DP,profit_loss,profit_loss_per_liter,NRs_per_liter,-5.75
2026-04-03,ATF_DF,profit_loss,profit_loss_per_liter,NRs_per_liter,6.92
2026-04-03,LP_Gas,profit_loss,profit_loss_per_cylinder,NRs_per_cylinder,-416.37
2026-04-03,Petrol,profit_loss,total_profit_loss_fortnightly,crore_NRs,-113.76
2026-04-03,Diesel,profit_loss,total_profit_loss_fortnightly,crore_NRs,-991.78
2026-04-03,Kerosene,profit_loss,total_profit_loss_fortnightly,crore_NRs,-5.54
2026-04-03,ATF_DP,profit_loss,total_profit_loss_fortnightly,crore_NRs,-1.5
2026-04-03,ATF_DF,profit_loss,total_profit_loss_fortnightly,crore_NRs,4.08
2026-04-03,LP_Gas,profit_loss,total_profit_loss_fortnightly,crore_NRs,-63.39
2026-04-03,Petrol,govt_revenue,govt_revenue_per_liter,NRs_per_liter,66.98
2026-04-03,Diesel,govt_revenue,govt_revenue_per_liter,NRs_per_liter,49.28
2026-04-03,Kerosene,govt_revenue,govt_revenue_per_liter,NRs_per_liter,34.78
2026-04-03,ATF_DP,govt_revenue,govt_revenue_per_liter,NRs_per_liter,34.4
2026-04-03,ATF_DF,govt_revenue,govt_revenue_per_liter,NRs_per_liter,41.05
2026-04-03,LP_Gas,govt_revenue,govt_revenue_per_cylinder,NRs_per_cylinder,324.95
2026-04-03,Petrol,govt_revenue,total_govt_revenue_fortnightly,crore_NRs,221.77
2026-04-03,Diesel,govt_revenue,total_govt_revenue_fortnightly,crore_NRs,405.49
2026-04-03,Kerosene,govt_revenue,total_govt_revenue_fortnightly,crore_NRs,3.01
2026-04-03,ATF_DP,govt_revenue,total_govt_revenue_fortnightly,crore_NRs,9
2026-04-03,ATF_DF,govt_revenue,total_govt_revenue_fortnightly,crore_NRs,24.19
2026-04-03,LP_Gas,govt_revenue,total_govt_revenue_fortnightly,crore_NRs,49.47