date,fuel_type,variable_group,variable_name,unit,value,__rowNumber,value_original,unit_original,rate_currency,value_per_liter_equivalent,value_per_KL_equivalent,value_per_cylinder_equivalent,standardization_status,standardization_note
2026-04-03,Petrol,tax,custom_duty,NRs_per_KL,25200,2,25200,NRs_per_KL,NRs,25.2,25200,,converted_from_per_KL,
2026-04-03,Diesel,tax,custom_duty,NRs_per_KL,12000,3,12000,NRs_per_KL,NRs,12,12000,,converted_from_per_KL,
2026-04-03,Kerosene,tax,custom_duty,NRs_per_KL,12000,4,12000,NRs_per_KL,NRs,12,12000,,converted_from_per_KL,
2026-04-03,ATF_DP,tax,custom_duty,NRs_per_KL,2100,5,2100,NRs_per_KL,NRs,2.1,2100,,converted_from_per_KL,
2026-04-03,ATF_DF,tax,custom_duty,NRs_per_KL,2100,6,2100,NRs_per_KL,NRs,2.1,2100,,converted_from_per_KL,
2026-04-03,LP_Gas,tax,custom_duty,NRs_per_cylinder,90.42,7,90.42,NRs_per_cylinder,NRs,,,90.42,kept_per_cylinder,
2026-04-03,Petrol,tax,cargo_vehicle_charge,NRs_per_KL,0,8,0,NRs_per_KL,NRs,0,0,,converted_from_per_KL,
2026-04-03,Diesel,tax,cargo_vehicle_charge,NRs_per_KL,0,9,0,NRs_per_KL,NRs,0,0,,converted_from_per_KL,
2026-04-03,Kerosene,tax,cargo_vehicle_charge,NRs_per_KL,0,10,0,NRs_per_KL,NRs,0,0,,converted_from_per_KL,
2026-04-03,ATF_DP,tax,cargo_vehicle_charge,NRs_per_KL,0,11,0,NRs_per_KL,NRs,0,0,,converted_from_per_KL,
2026-04-03,ATF_DF,tax,cargo_vehicle_charge,NRs_per_KL,0,12,0,NRs_per_KL,NRs,0,0,,converted_from_per_KL,
2026-04-03,LP_Gas,tax,cargo_vehicle_charge,NRs_per_cylinder,1.18,13,1.18,NRs_per_cylinder,NRs,,,1.18,kept_per_cylinder,
2026-04-03,Petrol,tax,custom_service_charge,NRs_per_KL,25,14,25,NRs_per_KL,NRs,0.025,25,,converted_from_per_KL,
2026-04-03,Diesel,tax,custom_service_charge,NRs_per_KL,25,15,25,NRs_per_KL,NRs,0.025,25,,converted_from_per_KL,
2026-04-03,Kerosene,tax,custom_service_charge,NRs_per_KL,25,16,25,NRs_per_KL,NRs,0.025,25,,converted_from_per_KL,
2026-04-03,ATF_DP,tax,custom_service_charge,NRs_per_KL,25,17,25,NRs_per_KL,NRs,0.025,25,,converted_from_per_KL,
2026-04-03,ATF_DF,tax,custom_service_charge,NRs_per_KL,25,18,25,NRs_per_KL,NRs,0.025,25,,converted_from_per_KL,
2026-04-03,LP_Gas,tax,custom_service_charge,NRs_per_cylinder,0.39,19,0.39,NRs_per_cylinder,NRs,,,0.39,kept_per_cylinder,
2026-04-03,Petrol,tax,road_maintenance_charge,NRs_per_KL,4000,20,4000,NRs_per_KL,NRs,4,4000,,converted_from_per_KL,
2026-04-03,Diesel,tax,road_maintenance_charge,NRs_per_KL,2000,21,2000,NRs_per_KL,NRs,2,2000,,converted_from_per_KL,
2026-04-03,Kerosene,tax,road_maintenance_charge,NRs_per_KL,0,22,0,NRs_per_KL,NRs,0,0,,converted_from_per_KL,
2026-04-03,ATF_DP,tax,road_maintenance_charge,NRs_per_KL,0,23,0,NRs_per_KL,NRs,0,0,,converted_from_per_KL,
2026-04-03,ATF_DF,tax,road_maintenance_charge,NRs_per_KL,0,24,0,NRs_per_KL,NRs,0,0,,converted_from_per_KL,
2026-04-03,LP_Gas,tax,road_maintenance_charge,NRs_per_cylinder,0,25,0,NRs_per_cylinder,NRs,,,0,kept_per_cylinder,
2026-04-03,Petrol,tax,pollution_charge,NRs_per_KL,1500,26,1500,NRs_per_KL,NRs,1.5,1500,,converted_from_per_KL,
2026-04-03,Diesel,tax,pollution_charge,NRs_per_KL,1500,27,1500,NRs_per_KL,NRs,1.5,1500,,converted_from_per_KL,
2026-04-03,Kerosene,tax,pollution_charge,NRs_per_KL,0,28,0,NRs_per_KL,NRs,0,0,,converted_from_per_KL,
2026-04-03,ATF_DP,tax,pollution_charge,NRs_per_KL,0,29,0,NRs_per_KL,NRs,0,0,,converted_from_per_KL,
2026-04-03,ATF_DF,tax,pollution_charge,NRs_per_KL,0,30,0,NRs_per_KL,NRs,0,0,,converted_from_per_KL,
2026-04-03,LP_Gas,tax,pollution_charge,NRs_per_cylinder,0,31,0,NRs_per_cylinder,NRs,,,0,kept_per_cylinder,
2026-04-03,Petrol,tax,green_tax,NRs_per_KL,1000,32,1000,NRs_per_KL,NRs,1,1000,,converted_from_per_KL,
2026-04-03,Diesel,tax,green_tax,NRs_per_KL,1000,33,1000,NRs_per_KL,NRs,1,1000,,converted_from_per_KL,
2026-04-03,Kerosene,tax,green_tax,NRs_per_KL,0,34,0,NRs_per_KL,NRs,0,0,,converted_from_per_KL,
2026-04-03,ATF_DP,tax,green_tax,NRs_per_KL,0,35,0,NRs_per_KL,NRs,0,0,,converted_from_per_KL,
2026-04-03,ATF_DF,tax,green_tax,NRs_per_KL,0,36,0,NRs_per_KL,NRs,0,0,,converted_from_per_KL,
2026-04-03,LP_Gas,tax,green_tax,NRs_per_cylinder,0,37,0,NRs_per_cylinder,NRs,,,0,kept_per_cylinder,
2026-04-03,Petrol,tax,psf_transfer,NRs_per_KL,2020,38,2020,NRs_per_KL,NRs,2.02,2020,,converted_from_per_KL,
2026-04-03,Diesel,tax,psf_transfer,NRs_per_KL,1820,39,1820,NRs_per_KL,NRs,1.82,1820,,converted_from_per_KL,
2026-04-03,Kerosene,tax,psf_transfer,NRs_per_KL,1820,40,1820,NRs_per_KL,NRs,1.82,1820,,converted_from_per_KL,
2026-04-03,ATF_DP,tax,psf_transfer,NRs_per_KL,2510,41,2510,NRs_per_KL,NRs,2.51,2510,,converted_from_per_KL,
2026-04-03,ATF_DF,tax,psf_transfer,NRs_per_KL,2703.2,42,2703.2,NRs_per_KL,NRs,2.7032,2703.2,,converted_from_per_KL,
2026-04-03,LP_Gas,tax,psf_transfer,NRs_per_cylinder,19.1,43,19.1,NRs_per_cylinder,NRs,,,19.1,kept_per_cylinder,
2026-04-03,Petrol,tax,infrastructure_development_tax,NRs_per_KL,10000,44,10000,NRs_per_KL,NRs,10,10000,,converted_from_per_KL,
2026-04-03,Diesel,tax,infrastructure_development_tax,NRs_per_KL,10000,45,10000,NRs_per_KL,NRs,10,10000,,converted_from_per_KL,
2026-04-03,Kerosene,tax,infrastructure_development_tax,NRs_per_KL,0,46,0,NRs_per_KL,NRs,0,0,,converted_from_per_KL,
2026-04-03,ATF_DP,tax,infrastructure_development_tax,NRs_per_KL,0,47,0,NRs_per_KL,NRs,0,0,,converted_from_per_KL,
2026-04-03,ATF_DF,tax,infrastructure_development_tax,NRs_per_KL,0,48,0,NRs_per_KL,NRs,0,0,,converted_from_per_KL,
2026-04-03,LP_Gas,tax,infrastructure_development_tax,NRs_per_cylinder,0,49,0,NRs_per_cylinder,NRs,,,0,kept_per_cylinder,
2026-04-03,Petrol,tax,vat_13pct,NRs_per_KL,23238.94,50,23238.94,NRs_per_KL,NRs,23.23894,23238.94,,converted_from_per_KL,
2026-04-03,Diesel,tax,vat_13pct,NRs_per_KL,20938.05,51,20938.05,NRs_per_KL,NRs,20.93805,20938.05,,converted_from_per_KL,
2026-04-03,Kerosene,tax,vat_13pct,NRs_per_KL,20938.05,52,20938.05,NRs_per_KL,NRs,20.93805,20938.05,,converted_from_per_KL,
2026-04-03,ATF_DP,tax,vat_13pct,NRs_per_KL,28876.11,53,28876.11,NRs_per_KL,NRs,28.87611,28876.11,,converted_from_per_KL,
2026-04-03,ATF_DF,tax,vat_13pct,NRs_per_KL,35141.65,54,35141.65,NRs_per_KL,NRs,35.14165,35141.65,,converted_from_per_KL,
2026-04-03,LP_Gas,tax,vat_13pct,NRs_per_cylinder,213.85,55,213.85,NRs_per_cylinder,NRs,,,213.85,kept_per_cylinder,
2026-04-03,Petrol,tax,fuel_throughput_charge,NRs_per_KL,0,56,0,NRs_per_KL,NRs,0,0,,converted_from_per_KL,
2026-04-03,Diesel,tax,fuel_throughput_charge,NRs_per_KL,0,57,0,NRs_per_KL,NRs,0,0,,converted_from_per_KL,
2026-04-03,Kerosene,tax,fuel_throughput_charge,NRs_per_KL,0,58,0,NRs_per_KL,NRs,0,0,,converted_from_per_KL,
2026-04-03,ATF_DP,tax,fuel_throughput_charge,NRs_per_KL,888.5,59,888.5,NRs_per_KL,NRs,0.8885,888.5,,converted_from_per_KL,
2026-04-03,ATF_DF,tax,fuel_throughput_charge,NRs_per_KL,1081.28,60,1081.28,NRs_per_KL,NRs,1.08128,1081.28,,converted_from_per_KL,
2026-04-03,LP_Gas,tax,fuel_throughput_charge,NRs_per_cylinder,0,61,0,NRs_per_cylinder,NRs,,,0,kept_per_cylinder,
2026-04-03,Petrol,tax,total_government_tax,NRs_per_KL,66983.94,62,66983.94,NRs_per_KL,NRs,66.98394,66983.94,,converted_from_per_KL,
2026-04-03,Diesel,tax,total_government_tax,NRs_per_KL,49283.05,63,49283.05,NRs_per_KL,NRs,49.28305,49283.05,,converted_from_per_KL,
2026-04-03,Kerosene,tax,total_government_tax,NRs_per_KL,34783.05,64,34783.05,NRs_per_KL,NRs,34.78305,34783.05,,converted_from_per_KL,
2026-04-03,ATF_DP,tax,total_government_tax,NRs_per_KL,34399.6,65,34399.6,NRs_per_KL,NRs,34.3996,34399.6,,converted_from_per_KL,
2026-04-03,ATF_DF,tax,total_government_tax,NRs_per_KL,41051.14,66,41051.14,NRs_per_KL,NRs,41.05114,41051.14,,converted_from_per_KL,
2026-04-03,LP_Gas,tax,total_government_tax,NRs_per_cylinder,324.95,67,324.95,NRs_per_cylinder,NRs,,,324.95,kept_per_cylinder,
2026-04-03,Petrol,cost,ex_depot_price_old_irs,IRs_per_KL,70051.33,68,70051.33,IRs_per_KL,IRs,70.05133,70051.33,,converted_from_per_KL,
2026-04-03,Diesel,cost,ex_depot_price_old_irs,IRs_per_KL,92135.96,69,92135.96,IRs_per_KL,IRs,92.13596,92135.96,,converted_from_per_KL,
2026-04-03,Kerosene,cost,ex_depot_price_old_irs,IRs_per_KL,55940.2,70,55940.2,IRs_per_KL,IRs,55.9402,55940.2,,converted_from_per_KL,
2026-04-03,ATF_DP,cost,ex_depot_price_old_irs,IRs_per_KL,56007.63,71,56007.63,IRs_per_KL,IRs,56.00763,56007.63,,converted_from_per_KL,
2026-04-03,ATF_DF,cost,ex_depot_price_old_irs,IRs_per_KL,56007.63,72,56007.63,IRs_per_KL,IRs,56.00763,56007.63,,converted_from_per_KL,
2026-04-03,LP_Gas,cost,ex_depot_price_old_irs,IRs_per_cylinder,936.4,73,936.4,IRs_per_cylinder,IRs,,,936.4,kept_per_cylinder,
2026-04-03,Petrol,cost,ex_depot_price_increase_irs,IRs_per_KL,25973.07,74,25973.07,IRs_per_KL,IRs,25.97307,25973.07,,converted_from_per_KL,
2026-04-03,Diesel,cost,ex_depot_price_increase_irs,IRs_per_KL,59276.32,75,59276.32,IRs_per_KL,IRs,59.27632,59276.32,,converted_from_per_KL,
2026-04-03,Kerosene,cost,ex_depot_price_increase_irs,IRs_per_KL,67633.46,76,67633.46,IRs_per_KL,IRs,67.63346,67633.46,,converted_from_per_KL,
2026-04-03,ATF_DP,cost,ex_depot_price_increase_irs,IRs_per_KL,77303.95,77,77303.95,IRs_per_KL,IRs,77.30395,77303.95,,converted_from_per_KL,
2026-04-03,ATF_DF,cost,ex_depot_price_increase_irs,IRs_per_KL,77303.95,78,77303.95,IRs_per_KL,IRs,77.30395,77303.95,,converted_from_per_KL,
2026-04-03,LP_Gas,cost,ex_depot_price_increase_irs,IRs_per_cylinder,118.86,79,118.86,IRs_per_cylinder,IRs,,,118.86,kept_per_cylinder,
2026-04-03,Petrol,cost,ex_depot_price_increase_nrs_per_liter,NRs_per_liter,41.6,80,41.6,NRs_per_liter,NRs,41.6,41600,,converted_from_per_liter,
2026-04-03,Diesel,cost,ex_depot_price_increase_nrs_per_liter,NRs_per_liter,94.93,81,94.93,NRs_per_liter,NRs,94.93,94930,,converted_from_per_liter,
2026-04-03,Kerosene,cost,ex_depot_price_increase_nrs_per_liter,NRs_per_liter,108.31,82,108.31,NRs_per_liter,NRs,108.31,108310,,converted_from_per_liter,
2026-04-03,ATF_DP,cost,ex_depot_price_increase_nrs_per_liter,NRs_per_liter,123.8,83,123.8,NRs_per_liter,NRs,123.8,123800,,converted_from_per_liter,
2026-04-03,ATF_DF,cost,ex_depot_price_increase_nrs_per_liter,NRs_per_liter,123.8,84,123.8,NRs_per_liter,NRs,123.8,123800,,converted_from_per_liter,
2026-04-03,LP_Gas,cost,ex_depot_price_increase_nrs_per_liter,NRs_per_cylinder,190.36,85,190.36,NRs_per_cylinder,NRs,,,190.36,kept_per_cylinder,
2026-04-03,Petrol,cost,ex_depot_price_new_irs,IRs_per_KL,96024.41,86,96024.41,IRs_per_KL,IRs,96.02441,96024.41,,converted_from_per_KL,
2026-04-03,Diesel,cost,ex_depot_price_new_irs,IRs_per_KL,151412.27,87,151412.27,IRs_per_KL,IRs,151.41227,151412.27,,converted_from_per_KL,
2026-04-03,Kerosene,cost,ex_depot_price_new_irs,IRs_per_KL,123573.65,88,123573.65,IRs_per_KL,IRs,123.57365,123573.65,,converted_from_per_KL,
2026-04-03,ATF_DP,cost,ex_depot_price_new_irs,IRs_per_KL,133311.58,89,133311.58,IRs_per_KL,IRs,133.31158,133311.58,,converted_from_per_KL,
2026-04-03,ATF_DF,cost,ex_depot_price_new_irs,IRs_per_KL,133311.58,90,133311.58,IRs_per_KL,IRs,133.31158,133311.58,,converted_from_per_KL,
2026-04-03,LP_Gas,cost,ex_depot_price_new_irs,IRs_per_cylinder,1055.27,91,1055.27,IRs_per_cylinder,IRs,,,1055.27,kept_per_cylinder,
2026-04-03,Petrol,cost,ex_depot_price_nrs,NRs_per_KL,153783.09,92,153783.09,NRs_per_KL,NRs,153.78309,153783.09,,converted_from_per_KL,
2026-04-03,Diesel,cost,ex_depot_price_nrs,NRs_per_KL,242486.76,93,242486.76,NRs_per_KL,NRs,242.48676,242486.76,,converted_from_per_KL,
2026-04-03,Kerosene,cost,ex_depot_price_nrs,NRs_per_KL,197903.21,94,197903.21,NRs_per_KL,NRs,197.90321,197903.21,,converted_from_per_KL,
2026-04-03,ATF_DP,cost,ex_depot_price_nrs,NRs_per_KL,213498.5,95,213498.5,NRs_per_KL,NRs,213.4985,213498.5,,converted_from_per_KL,
2026-04-03,ATF_DF,cost,ex_depot_price_nrs,NRs_per_KL,213498.5,96,213498.5,NRs_per_KL,NRs,213.4985,213498.5,,converted_from_per_KL,
2026-04-03,LP_Gas,cost,ex_depot_price_nrs,NRs_per_cylinder,1690.01,97,1690.01,NRs_per_cylinder,NRs,,,1690.01,kept_per_cylinder,
2026-04-03,Petrol,cost,administration_cost,NRs_per_KL,608.02,98,608.02,NRs_per_KL,NRs,0.60802,608.02,,converted_from_per_KL,
2026-04-03,Diesel,cost,administration_cost,NRs_per_KL,608.02,99,608.02,NRs_per_KL,NRs,0.60802,608.02,,converted_from_per_KL,
2026-04-03,Kerosene,cost,administration_cost,NRs_per_KL,608.02,100,608.02,NRs_per_KL,NRs,0.60802,608.02,,converted_from_per_KL,
2026-04-03,ATF_DP,cost,administration_cost,NRs_per_KL,608.02,101,608.02,NRs_per_KL,NRs,0.60802,608.02,,converted_from_per_KL,
2026-04-03,ATF_DF,cost,administration_cost,NRs_per_KL,608.02,102,608.02,NRs_per_KL,NRs,0.60802,608.02,,converted_from_per_KL,
2026-04-03,LP_Gas,cost,administration_cost,NRs_per_cylinder,8.63,103,8.63,NRs_per_cylinder,NRs,,,8.63,kept_per_cylinder,
2026-04-03,Petrol,cost,insurance_premium,NRs_per_KL,92.27,104,92.27,NRs_per_KL,NRs,0.09227,92.27,,converted_from_per_KL,
2026-04-03,Diesel,cost,insurance_premium,NRs_per_KL,145.5,105,145.5,NRs_per_KL,NRs,0.1455,145.5,,converted_from_per_KL,
2026-04-03,Kerosene,cost,insurance_premium,NRs_per_KL,118.74,106,118.74,NRs_per_KL,NRs,0.11874,118.74,,converted_from_per_KL,
2026-04-03,ATF_DP,cost,insurance_premium,NRs_per_KL,128.1,107,128.1,NRs_per_KL,NRs,0.1281,128.1,,converted_from_per_KL,
2026-04-03,ATF_DF,cost,insurance_premium,NRs_per_KL,128.1,108,128.1,NRs_per_KL,NRs,0.1281,128.1,,converted_from_per_KL,
2026-04-03,LP_Gas,cost,insurance_premium,NRs_per_cylinder,1.77,109,1.77,NRs_per_cylinder,NRs,,,1.77,kept_per_cylinder,
2026-04-03,Petrol,cost,technical_loss,NRs_per_KL,1722.44,110,1722.44,NRs_per_KL,NRs,1.72244,1722.44,,converted_from_per_KL,
2026-04-03,Diesel,cost,technical_loss,NRs_per_KL,1621.22,111,1621.22,NRs_per_KL,NRs,1.62122,1621.22,,converted_from_per_KL,
2026-04-03,Kerosene,cost,technical_loss,NRs_per_KL,1347.44,112,1347.44,NRs_per_KL,NRs,1.34744,1347.44,,converted_from_per_KL,
2026-04-03,ATF_DP,cost,technical_loss,NRs_per_KL,1383.15,113,1383.15,NRs_per_KL,NRs,1.38315,1383.15,,converted_from_per_KL,
2026-04-03,ATF_DF,cost,technical_loss,NRs_per_KL,1383.15,114,1383.15,NRs_per_KL,NRs,1.38315,1383.15,,converted_from_per_KL,
2026-04-03,LP_Gas,cost,technical_loss,NRs_per_cylinder,0,115,0,NRs_per_cylinder,NRs,,,0,kept_per_cylinder,
2026-04-03,Petrol,cost,total_noc_expenses,NRs_per_KL,2422.73,116,2422.73,NRs_per_KL,NRs,2.42273,2422.73,,converted_from_per_KL,
2026-04-03,Diesel,cost,total_noc_expenses,NRs_per_KL,2374.73,117,2374.73,NRs_per_KL,NRs,2.37473,2374.73,,converted_from_per_KL,
2026-04-03,Kerosene,cost,total_noc_expenses,NRs_per_KL,2074.2,118,2074.2,NRs_per_KL,NRs,2.0742,2074.2,,converted_from_per_KL,
2026-04-03,ATF_DP,cost,total_noc_expenses,NRs_per_KL,2119.27,119,2119.27,NRs_per_KL,NRs,2.11927,2119.27,,converted_from_per_KL,
2026-04-03,ATF_DF,cost,total_noc_expenses,NRs_per_KL,2119.27,120,2119.27,NRs_per_KL,NRs,2.11927,2119.27,,converted_from_per_KL,
2026-04-03,LP_Gas,cost,total_noc_expenses,NRs_per_cylinder,10.41,121,10.41,NRs_per_cylinder,NRs,,,10.41,kept_per_cylinder,
2026-04-03,Petrol,cost,transportation,NRs_per_KL,6673.49,122,6673.49,NRs_per_KL,NRs,6.67349,6673.49,,converted_from_per_KL,
2026-04-03,Diesel,cost,transportation,NRs_per_KL,3221.64,123,3221.64,NRs_per_KL,NRs,3.22164,3221.64,,converted_from_per_KL,
2026-04-03,Kerosene,cost,transportation,NRs_per_KL,6673.49,124,6673.49,NRs_per_KL,NRs,6.67349,6673.49,,converted_from_per_KL,
2026-04-03,ATF_DP,cost,transportation,NRs_per_KL,6728.64,125,6728.64,NRs_per_KL,NRs,6.72864,6728.64,,converted_from_per_KL,
2026-04-03,ATF_DF,cost,transportation,NRs_per_KL,6728.64,126,6728.64,NRs_per_KL,NRs,6.72864,6728.64,,converted_from_per_KL,
2026-04-03,LP_Gas,cost,transportation,NRs_per_cylinder,0,127,0,NRs_per_cylinder,NRs,,,0,kept_per_cylinder,
2026-04-03,Petrol,cost,petroleum_dealer_expenses,NRs_per_KL,6496.91,128,6496.91,NRs_per_KL,NRs,6.49691,6496.91,,converted_from_per_KL,
2026-04-03,Diesel,cost,petroleum_dealer_expenses,NRs_per_KL,5174.13,129,5174.13,NRs_per_KL,NRs,5.17413,5174.13,,converted_from_per_KL,
2026-04-03,Kerosene,cost,petroleum_dealer_expenses,NRs_per_KL,4628.78,130,4628.78,NRs_per_KL,NRs,4.62878,4628.78,,converted_from_per_KL,
2026-04-03,ATF_DP,cost,petroleum_dealer_expenses,NRs_per_KL,0,131,0,NRs_per_KL,NRs,0,0,,converted_from_per_KL,
2026-04-03,ATF_DF,cost,petroleum_dealer_expenses,NRs_per_KL,0,132,0,NRs_per_KL,NRs,0,0,,converted_from_per_KL,
2026-04-03,LP_Gas,cost,petroleum_dealer_expenses,NRs_per_cylinder,301.01,133,301.01,NRs_per_cylinder,NRs,,,301.01,kept_per_cylinder,
2026-04-03,Petrol,cost,landed_cost,NRs_per_KL,206624.3,134,206624.3,NRs_per_KL,NRs,206.6243,206624.3,,converted_from_per_KL,
2026-04-03,Diesel,cost,landed_cost,NRs_per_KL,276428.13,135,276428.13,NRs_per_KL,NRs,276.42813,276428.13,,converted_from_per_KL,
2026-04-03,Kerosene,cost,landed_cost,NRs_per_KL,220495.89,136,220495.89,NRs_per_KL,NRs,220.49589,220495.89,,converted_from_per_KL,
2026-04-03,ATF_DP,cost,landed_cost,NRs_per_KL,227869.9,137,227869.9,NRs_per_KL,NRs,227.8699,227869.9,,converted_from_per_KL,
2026-04-03,ATF_DF,cost,landed_cost,NRs_per_KL,263397.54,138,263397.54,NRs_per_KL,NRs,263.39754,263397.54,,converted_from_per_KL,
2026-04-03,LP_Gas,cost,landed_cost,NRs_per_cylinder,1811.51,139,1811.51,NRs_per_cylinder,NRs,,,1811.51,kept_per_cylinder,
2026-04-03,Petrol,cost,total_cost_noc_without_vat,NRs_per_KL,213121.21,140,213121.21,NRs_per_KL,NRs,213.12121,213121.21,,converted_from_per_KL,
2026-04-03,Diesel,cost,total_cost_noc_without_vat,NRs_per_KL,281602.26,141,281602.26,NRs_per_KL,NRs,281.60226,281602.26,,converted_from_per_KL,
2026-04-03,Kerosene,cost,total_cost_noc_without_vat,NRs_per_KL,225124.67,142,225124.67,NRs_per_KL,NRs,225.12467,225124.67,,converted_from_per_KL,
2026-04-03,ATF_DP,cost,total_cost_noc_without_vat,NRs_per_KL,227869.9,143,227869.9,NRs_per_KL,NRs,227.8699,227869.9,,converted_from_per_KL,
2026-04-03,ATF_DF,cost,total_cost_noc_without_vat,NRs_per_KL,263397.54,144,263397.54,NRs_per_KL,NRs,263.39754,263397.54,,converted_from_per_KL,
2026-04-03,LP_Gas,cost,total_cost_noc_without_vat,NRs_per_cylinder,2112.52,145,2112.52,NRs_per_cylinder,NRs,,,2112.52,kept_per_cylinder,
2026-04-03,Petrol,cost,total_cost_noc_with_vat,NRs_per_KL,236360.15,146,236360.15,NRs_per_KL,NRs,236.36015,236360.15,,converted_from_per_KL,
2026-04-03,Diesel,cost,total_cost_noc_with_vat,NRs_per_KL,302540.31,147,302540.31,NRs_per_KL,NRs,302.54031,302540.31,,converted_from_per_KL,
2026-04-03,Kerosene,cost,total_cost_noc_with_vat,NRs_per_KL,246062.72,148,246062.72,NRs_per_KL,NRs,246.06272,246062.72,,converted_from_per_KL,
2026-04-03,ATF_DP,cost,total_cost_noc_with_vat,NRs_per_KL,256746.01,149,256746.01,NRs_per_KL,NRs,256.74601,256746.01,,converted_from_per_KL,
2026-04-03,ATF_DF,cost,total_cost_noc_with_vat,NRs_per_KL,263397.54,150,263397.54,NRs_per_KL,NRs,263.39754,263397.54,,converted_from_per_KL,
2026-04-03,LP_Gas,cost,total_cost_noc_with_vat,NRs_per_cylinder,2326.37,151,2326.37,NRs_per_cylinder,NRs,,,2326.37,kept_per_cylinder,
2026-04-03,Petrol,cost,total_cost_noc_per_liter,NRs_per_liter,236.36,152,236.36,NRs_per_liter,NRs,236.36,236360,,converted_from_per_liter,
2026-04-03,Diesel,cost,total_cost_noc_per_liter,NRs_per_liter,302.54,153,302.54,NRs_per_liter,NRs,302.54,302540,,converted_from_per_liter,
2026-04-03,Kerosene,cost,total_cost_noc_per_liter,NRs_per_liter,246.06,154,246.06,NRs_per_liter,NRs,246.06,246060,,converted_from_per_liter,
2026-04-03,ATF_DP,cost,total_cost_noc_per_liter,NRs_per_liter,256.75,155,256.75,NRs_per_liter,NRs,256.75,256750,,converted_from_per_liter,
2026-04-03,ATF_DF,cost,total_cost_noc_per_liter,NRs_per_liter,263.4,156,263.4,NRs_per_liter,NRs,263.4,263400,,converted_from_per_liter,
2026-04-03,LP_Gas,cost,total_cost_noc_per_liter,NRs_per_cylinder,2326.37,157,2326.37,NRs_per_cylinder,NRs,,,2326.37,kept_per_cylinder,
2026-04-03,Petrol,selling_price,retail_price_per_liter,NRs_per_liter,202,158,202,NRs_per_liter,NRs,202,202000,,converted_from_per_liter,
2026-04-03,Diesel,selling_price,retail_price_per_liter,NRs_per_liter,182,159,182,NRs_per_liter,NRs,182,182000,,converted_from_per_liter,
2026-04-03,Kerosene,selling_price,retail_price_per_liter,NRs_per_liter,182,160,182,NRs_per_liter,NRs,182,182000,,converted_from_per_liter,
2026-04-03,ATF_DP,selling_price,retail_price_per_liter,NRs_per_liter,251,161,251,NRs_per_liter,NRs,251,251000,,converted_from_per_liter,
2026-04-03,ATF_DF,selling_price,retail_price_per_liter,NRs_per_liter,270.41,162,1.785,USD_per_liter,NRs,270.41,270409.65,,converted_from_USD,USD_to_NRs_rate_151.49
2026-04-03,LP_Gas,selling_price,retail_price_per_cylinder,NRs_per_cylinder,1910,163,1910,NRs_per_cylinder,NRs,,,1910,kept_per_cylinder,
2026-04-03,Petrol,selling_price,noc_ex_depot_price_without_vat,NRs_per_KL,172264.15,164,172264.15,NRs_per_KL,NRs,172.26415,172264.15,,converted_from_per_KL,
2026-04-03,Diesel,selling_price,noc_ex_depot_price_without_vat,NRs_per_KL,155887.82,165,155887.82,NRs_per_KL,NRs,155.88782,155887.82,,converted_from_per_KL,
2026-04-03,Kerosene,selling_price,noc_ex_depot_price_without_vat,NRs_per_KL,156433.17,166,156433.17,NRs_per_KL,NRs,156.43317,156433.17,,converted_from_per_KL,
2026-04-03,ATF_DP,selling_price,noc_ex_depot_price_without_vat,NRs_per_KL,222123.89,167,222123.89,NRs_per_KL,NRs,222.12389,222123.89,,converted_from_per_KL,
2026-04-03,ATF_DF,selling_price,noc_ex_depot_price_without_vat,NRs_per_KL,270409.65,168,1785,USD_per_KL,NRs,270.41,270409.65,,converted_from_USD,USD_to_NRs_rate_151.49
2026-04-03,LP_Gas,selling_price,noc_ex_depot_price_without_vat,NRs_per_cylinder,1395.14,169,1395.14,NRs_per_cylinder,NRs,,,1395.14,kept_per_cylinder,
2026-04-03,Petrol,border_price,rsp_india_border_raxaul,IRs_per_liter,106.94,170,106.94,IRs_per_liter,IRs,106.94,106940,,converted_from_per_liter,
2026-04-03,Diesel,border_price,rsp_india_border_raxaul,IRs_per_liter,93.2,171,93.2,IRs_per_liter,IRs,93.2,93200,,converted_from_per_liter,
2026-04-03,Kerosene,border_price,rsp_india_border_raxaul,IRs_per_liter,0,172,0,IRs_per_liter,IRs,0,0,,converted_from_per_liter,
2026-04-03,ATF_DP,border_price,rsp_india_border_kolkata,IRs_per_liter,99.59,173,99.59,IRs_per_liter,IRs,99.59,99590,,converted_from_per_liter,
2026-04-03,ATF_DF,border_price,rsp_india_border_kolkata,NRs_per_liter,129561.82,174,855.25,USD_per_liter,NRs,129561.82,129561822.50,,converted_from_USD,USD_to_NRs_rate_151.49
2026-04-03,LP_Gas,border_price,rsp_india_border_raxaul,IRs_per_cylinder,953,175,953,IRs_per_cylinder,IRs,,,953,kept_per_cylinder,
2026-04-03,Petrol,border_price,rsp_india_border_nrs,NRs_per_liter,171.26,176,171.26,NRs_per_liter,NRs,171.26,171260,,converted_from_per_liter,
2026-04-03,Diesel,border_price,rsp_india_border_nrs,NRs_per_liter,149.26,177,149.26,NRs_per_liter,NRs,149.26,149260,,converted_from_per_liter,
2026-04-03,Kerosene,border_price,rsp_india_border_nrs,NRs_per_liter,0,178,0,NRs_per_liter,NRs,0,0,,converted_from_per_liter,
2026-04-03,ATF_DP,border_price,rsp_india_border_nrs,NRs_per_liter,159.49,179,159.49,NRs_per_liter,NRs,159.49,159490,,converted_from_per_liter,
2026-04-03,ATF_DF,border_price,rsp_india_border_nrs,NRs_per_liter,0,180,0,NRs_per_liter,NRs,0,0,,converted_from_per_liter,
2026-04-03,LP_Gas,border_price,rsp_india_border_nrs,NRs_per_cylinder,1526.23,181,1526.23,NRs_per_cylinder,NRs,,,1526.23,kept_per_cylinder,
2026-04-03,Petrol,border_price,rsp_nepal_border_birgunj,NRs_per_liter,199.5,182,199.5,NRs_per_liter,NRs,199.5,199500,,converted_from_per_liter,
2026-04-03,Diesel,border_price,rsp_nepal_border_birgunj,NRs_per_liter,179.5,183,179.5,NRs_per_liter,NRs,179.5,179500,,converted_from_per_liter,
2026-04-03,Kerosene,border_price,rsp_nepal_border_birgunj,NRs_per_liter,0,184,0,NRs_per_liter,NRs,0,0,,converted_from_per_liter,
2026-04-03,ATF_DP,border_price,rsp_nepal_border_birgunj,NRs_per_liter,251,185,251,NRs_per_liter,NRs,251,251000,,converted_from_per_liter,
2026-04-03,ATF_DF,border_price,rsp_nepal_border_birgunj,NRs_per_liter,270409.65,186,1785,USD_per_liter,NRs,270409.65,270409650.00,,converted_from_USD,USD_to_NRs_rate_151.49
2026-04-03,LP_Gas,border_price,rsp_nepal_border_birgunj,NRs_per_cylinder,1910,187,1910,NRs_per_cylinder,NRs,,,1910,kept_per_cylinder,
2026-04-03,Petrol,border_price,border_price_difference,NRs_per_liter,28.24,188,28.24,NRs_per_liter,NRs,28.24,28240,,converted_from_per_liter,
2026-04-03,Diesel,border_price,border_price_difference,NRs_per_liter,30.24,189,30.24,NRs_per_liter,NRs,30.24,30240,,converted_from_per_liter,
2026-04-03,Kerosene,border_price,border_price_difference,NRs_per_liter,0,190,0,NRs_per_liter,NRs,0,0,,converted_from_per_liter,
2026-04-03,ATF_DP,border_price,border_price_difference,NRs_per_liter,91.51,191,91.51,NRs_per_liter,NRs,91.51,91510,,converted_from_per_liter,
2026-04-03,ATF_DF,border_price,border_price_difference,NRs_per_liter,140847.83,192,929.75,USD_per_liter,NRs,140847.83,140847827.50,,converted_from_USD,USD_to_NRs_rate_151.49
2026-04-03,LP_Gas,border_price,border_price_difference,NRs_per_cylinder,383.77,193,383.77,NRs_per_cylinder,NRs,,,383.77,kept_per_cylinder,
2026-04-03,Petrol,demand,fortnightly_projected_demand,KL,33108,194,33108,KL,,,,,non_rate_unit,Unit is not a per-KL/per-litre/per-cylinder rate.
2026-04-03,Diesel,demand,fortnightly_projected_demand,KL,82277,195,82277,KL,,,,,non_rate_unit,Unit is not a per-KL/per-litre/per-cylinder rate.
2026-04-03,Kerosene,demand,fortnightly_projected_demand,KL,865,196,865,KL,,,,,non_rate_unit,Unit is not a per-KL/per-litre/per-cylinder rate.
2026-04-03,ATF_DP,demand,fortnightly_projected_demand,KL,2616,197,2616,KL,,,,,non_rate_unit,Unit is not a per-KL/per-litre/per-cylinder rate.
2026-04-03,ATF_DF,demand,fortnightly_projected_demand,KL,5892,198,5892,KL,,,,,non_rate_unit,Unit is not a per-KL/per-litre/per-cylinder rate.
2026-04-03,LP_Gas,demand,fortnightly_projected_demand,cylinders,1522444,199,1522444,cylinders,,,,,non_rate_unit,Unit is not a per-KL/per-litre/per-cylinder rate.
2026-04-03,Petrol,profit_loss,profit_loss_per_liter,NRs_per_liter,-34.36,200,-34.36,NRs_per_liter,NRs,-34.36,-34360,,converted_from_per_liter,
2026-04-03,Diesel,profit_loss,profit_loss_per_liter,NRs_per_liter,-120.54,201,-120.54,NRs_per_liter,NRs,-120.54,-120540,,converted_from_per_liter,
2026-04-03,Kerosene,profit_loss,profit_loss_per_liter,NRs_per_liter,-64.06,202,-64.06,NRs_per_liter,NRs,-64.06,-64060,,converted_from_per_liter,
2026-04-03,ATF_DP,profit_loss,profit_loss_per_liter,NRs_per_liter,-5.75,203,-5.75,NRs_per_liter,NRs,-5.75,-5750,,converted_from_per_liter,
2026-04-03,ATF_DF,profit_loss,profit_loss_per_liter,NRs_per_liter,6.92,204,6.92,NRs_per_liter,NRs,6.92,6920,,converted_from_per_liter,
2026-04-03,LP_Gas,profit_loss,profit_loss_per_cylinder,NRs_per_cylinder,-416.37,205,-416.37,NRs_per_cylinder,NRs,,,-416.37,kept_per_cylinder,
2026-04-03,Petrol,profit_loss,total_profit_loss_fortnightly,crore_NRs,-113.76,206,-113.76,crore_NRs,,,,,non_rate_unit,Unit is not a per-KL/per-litre/per-cylinder rate.
2026-04-03,Diesel,profit_loss,total_profit_loss_fortnightly,crore_NRs,-991.78,207,-991.78,crore_NRs,,,,,non_rate_unit,Unit is not a per-KL/per-litre/per-cylinder rate.
2026-04-03,Kerosene,profit_loss,total_profit_loss_fortnightly,crore_NRs,-5.54,208,-5.54,crore_NRs,,,,,non_rate_unit,Unit is not a per-KL/per-litre/per-cylinder rate.
2026-04-03,ATF_DP,profit_loss,total_profit_loss_fortnightly,crore_NRs,-1.5,209,-1.5,crore_NRs,,,,,non_rate_unit,Unit is not a per-KL/per-litre/per-cylinder rate.
2026-04-03,ATF_DF,profit_loss,total_profit_loss_fortnightly,crore_NRs,4.08,210,4.08,crore_NRs,,,,,non_rate_unit,Unit is not a per-KL/per-litre/per-cylinder rate.
2026-04-03,LP_Gas,profit_loss,total_profit_loss_fortnightly,crore_NRs,-63.39,211,-63.39,crore_NRs,,,,,non_rate_unit,Unit is not a per-KL/per-litre/per-cylinder rate.
2026-04-03,Petrol,govt_revenue,govt_revenue_per_liter,NRs_per_liter,66.98,212,66.98,NRs_per_liter,NRs,66.98,66980,,converted_from_per_liter,
2026-04-03,Diesel,govt_revenue,govt_revenue_per_liter,NRs_per_liter,49.28,213,49.28,NRs_per_liter,NRs,49.28,49280,,converted_from_per_liter,
2026-04-03,Kerosene,govt_revenue,govt_revenue_per_liter,NRs_per_liter,34.78,214,34.78,NRs_per_liter,NRs,34.78,34780,,converted_from_per_liter,
2026-04-03,ATF_DP,govt_revenue,govt_revenue_per_liter,NRs_per_liter,34.4,215,34.4,NRs_per_liter,NRs,34.4,34400,,converted_from_per_liter,
2026-04-03,ATF_DF,govt_revenue,govt_revenue_per_liter,NRs_per_liter,41.05,216,41.05,NRs_per_liter,NRs,41.05,41050,,converted_from_per_liter,
2026-04-03,LP_Gas,govt_revenue,govt_revenue_per_cylinder,NRs_per_cylinder,324.95,217,324.95,NRs_per_cylinder,NRs,,,324.95,kept_per_cylinder,
2026-04-03,Petrol,govt_revenue,total_govt_revenue_fortnightly,crore_NRs,221.77,218,221.77,crore_NRs,,,,,non_rate_unit,Unit is not a per-KL/per-litre/per-cylinder rate.
2026-04-03,Diesel,govt_revenue,total_govt_revenue_fortnightly,crore_NRs,405.49,219,405.49,crore_NRs,,,,,non_rate_unit,Unit is not a per-KL/per-litre/per-cylinder rate.
2026-04-03,Kerosene,govt_revenue,total_govt_revenue_fortnightly,crore_NRs,3.01,220,3.01,crore_NRs,,,,,non_rate_unit,Unit is not a per-KL/per-litre/per-cylinder rate.
2026-04-03,ATF_DP,govt_revenue,total_govt_revenue_fortnightly,crore_NRs,9,221,9,crore_NRs,,,,,non_rate_unit,Unit is not a per-KL/per-litre/per-cylinder rate.
2026-04-03,ATF_DF,govt_revenue,total_govt_revenue_fortnightly,crore_NRs,24.19,222,24.19,crore_NRs,,,,,non_rate_unit,Unit is not a per-KL/per-litre/per-cylinder rate.
2026-04-03,LP_Gas,govt_revenue,total_govt_revenue_fortnightly,crore_NRs,49.47,223,49.47,crore_NRs,,,,,non_rate_unit,Unit is not a per-KL/per-litre/per-cylinder rate.
